timestamp,historical_avg_demand,temperature,humidity,price_signal,consumer_type,is_weekend,hour,day_of_week
2024-01-01 00:00:00,0.6590554206654682,0.5086589787472899,0.7110988244649533,0.2772357001086998,residential,0,0,0
2024-01-01 01:00:00,0.9737601343578572,0.5361960854812962,0.6305118924916877,0.6298551587017174,industrial,0,1,0
2024-01-01 02:00:00,0.8801356921146184,0.7167782061659808,0.3211196234493189,0.47497961856105575,commercial,0,2,0
2024-01-01 03:00:00,0.851605485576036,0.6668634405674307,0.4524797003755504,0.1901040737797088,commercial,0,3,0
2024-01-01 04:00:00,0.9730916575962979,0.7069653469644079,0.6698750509075551,0.4551473939487133,residential,0,4,0
2024-01-01 05:00:00,0.8664113374548651,0.651997468645567,0.5256582964523157,0.08499602385225641,residential,0,5,0
2024-01-01 06:00:00,0.8461474291989032,0.6512393775927506,0.852527617719429,0.49382620252465537,residential,0,6,0
2024-01-01 07:00:00,0.8927703899154636,0.6499293464758517,0.5640188719664003,0.5327847224483486,industrial,0,7,0
2024-01-01 08:00:00,0.7893692601695264,0.7126502949947174,0.5150122789750895,0.31114660665219196,commercial,0,8,0
2024-01-01 09:00:00,0.869347837380387,0.5993229081552832,0.47383565792303983,0.48826460327903265,commercial,0,9,0
2024-01-01 10:00:00,0.7324371929593875,0.6289774856896413,0.53133789001045,0.49872325875384277,residential,0,10,0
2024-01-01 11:00:00,0.8615538293417223,0.7593038888850481,0.44933835787740395,0.5783221993926723,industrial,0,11,0
2024-01-01 12:00:00,0.8487011100375987,0.5871124703431693,0.6300825604003377,0.4811370118500058,industrial,0,12,0
2024-01-01 13:00:00,0.6913940650306519,0.41563383776271173,0.718815196190374,0.5538057705541439,residential,0,13,0
2024-01-01 14:00:00,0.6046564764073028,0.5201213922163945,0.42606516325888916,0.31595779995693213,residential,0,14,0
2024-01-01 15:00:00,0.38620752333390596,0.3177711064605354,0.4049837250281727,0.6319940561059407,residential,0,15,0
2024-01-01 16:00:00,0.4057719764059642,0.12298246572532692,0.38767445431690745,0.6001808213043336,residential,0,16,0
2024-01-01 17:00:00,0.451915048318524,0.20600620365044586,0.7143968379417478,0.4774367053397714,commercial,0,17,0
2024-01-01 18:00:00,0.361568168266798,0.1129208078974144,0.5006187667046946,0.6988868502648607,residential,0,18,0
2024-01-01 19:00:00,0.3963545700738794,0.2716634863380554,0.29556736515571086,0.7406355206439837,residential,0,19,0
2024-01-01 20:00:00,0.5176118942564273,0.3286367571620674,0.6596957635310243,0.35886602034465387,commercial,0,20,0
2024-01-01 21:00:00,0.4187676280621901,0.5262223749902187,0.9160832151178528,0.48559128321506784,residential,0,21,0
2024-01-01 22:00:00,0.521326172953828,0.43269273737641617,0.5692815420560912,0.48443212902615324,residential,0,22,0
2024-01-01 23:00:00,0.5215937599065589,0.42632613809860925,0.6978757747381634,0.2680278469746919,residential,0,23,0
2024-01-02 00:00:00,0.4022322164234884,0.5829405581183489,0.53739223634663,0.6980591667549162,residential,0,0,1
2024-01-02 01:00:00,0.8891906743494543,0.3306502781197156,0.5859714685854139,0.3203543653282054,commercial,0,1,1
2024-01-02 02:00:00,0.806813863499505,0.6235614558108565,0.6507930357049083,0.34972933282428226,residential,0,2,1
2024-01-02 03:00:00,0.8396635343091836,0.7185078756260062,0.4409064556839004,0.45135067517344324,commercial,0,3,1
2024-01-02 04:00:00,0.8564786257826943,0.5253464561789035,0.5825049102571144,0.6331240631072161,commercial,0,4,1
2024-01-02 05:00:00,0.7326686400736566,0.8075605695785066,0.50598650005585,0.5280963964828336,residential,0,5,1
2024-01-02 06:00:00,1.0,0.7338496407494414,0.3796315397287102,0.46222982505428656,commercial,0,6,1
2024-01-02 07:00:00,0.9470032442987559,0.6516563738677336,0.6533094402701582,0.46949327951771597,residential,0,7,1
2024-01-02 08:00:00,0.8097359623008911,0.7364832673675162,0.4528110562854338,0.40652720029651995,residential,0,8,1
2024-01-02 09:00:00,1.0,0.8684906420177492,0.3260910334707485,0.4036769401321332,industrial,0,9,1
2024-01-02 10:00:00,0.9326602674158837,0.6181866255058495,0.5950204888838057,0.1470731766268762,industrial,0,10,1
2024-01-02 11:00:00,0.7672019951854111,0.5765858676505378,0.392254042436183,0.6275774317130542,industrial,0,11,1
2024-01-02 12:00:00,0.5778669124921025,0.45406391004597557,0.5680080005915765,0.870076677226628,residential,0,12,1
2024-01-02 13:00:00,0.5643817313829818,0.3632517540330167,0.5896566242934644,0.7858419529409155,residential,0,13,1
2024-01-02 14:00:00,0.6052428988314094,0.48303358165442456,0.7179742603784093,0.6314489122911938,commercial,0,14,1
2024-01-02 15:00:00,0.4510357728615758,0.27297026117180384,0.6893136565804516,0.5262545721551929,residential,0,15,1
2024-01-02 16:00:00,0.44957453342461545,0.3339515429650516,0.5960604932987129,0.7210683894955965,residential,0,16,1
2024-01-02 17:00:00,0.4204506642405378,0.2590490900656746,0.7449502178603407,0.4539680700443297,residential,0,17,1
2024-01-02 18:00:00,0.4437602757547265,0.34789798257463916,0.8041617375802053,0.6714536654034329,residential,0,18,1
2024-01-02 19:00:00,0.5582989297990878,0.3401810452708811,0.681617232371515,0.675820523874994,industrial,0,19,1
2024-01-02 20:00:00,0.41884468023587984,0.4305489136689022,0.5723882188758364,0.759031486124832,residential,0,20,1
2024-01-02 21:00:00,0.47268264234146345,0.30757700387721576,0.41095146398431126,1.0,commercial,0,21,1
2024-01-02 22:00:00,0.5978277452690286,0.3730125064706628,0.42832919859749524,0.429253747604219,residential,0,22,1
2024-01-02 23:00:00,0.4827973517676487,0.3503598194012649,0.5491083485264203,0.2862576896668615,commercial,0,23,1
2024-01-03 00:00:00,0.8034013622638317,0.4555706739923888,0.4719019674783908,0.2304076997593711,commercial,0,0,2
2024-01-03 01:00:00,0.7876295802114035,0.5894938583249894,0.49510614705468625,0.4934066835850403,residential,0,1,2
2024-01-03 02:00:00,0.9059653253742973,0.6756988616645352,0.5057878302352056,0.49442943763327163,industrial,0,2,2
2024-01-03 03:00:00,0.6276560149157075,0.5492048238195469,0.6146924660076455,0.2793526360510012,commercial,0,3,2
2024-01-03 04:00:00,0.9730321001637734,0.7601656727674537,0.4613754814609002,0.53430331461439,industrial,0,4,2
2024-01-03 05:00:00,1.0,0.8287489511383088,0.5243505612324376,0.30526334062520033,industrial,0,5,2
2024-01-03 06:00:00,0.837420840470161,0.74134349032237,0.487268115124807,0.4379747857056972,commercial,0,6,2
2024-01-03 07:00:00,0.9998443517414248,0.8808647465136203,0.13942059109283317,0.5230516018918684,industrial,0,7,2
2024-01-03 08:00:00,0.89148465864604,0.5958261608465305,0.38035184267322764,0.3949581152944431,residential,0,8,2
2024-01-03 09:00:00,0.782651367343355,0.5169558859061678,0.5233001008699073,0.5986049518292078,residential,0,9,2
2024-01-03 10:00:00,0.6054604658716664,0.4221279751095721,0.39190739604096225,0.5508157925230623,residential,0,10,2
2024-01-03 11:00:00,0.5712885712316281,0.7013682401694225,0.5795788374486038,0.6232786025788468,residential,0,11,2
2024-01-03 12:00:00,0.6069259277182996,0.5654365656354058,0.7599816551609329,0.7237647397001452,residential,0,12,2
2024-01-03 13:00:00,0.552636145664277,0.44267772388845034,0.7500109605880624,0.46993046764336494,residential,0,13,2
2024-01-03 14:00:00,0.7702953075154617,0.42799686263198206,0.5395845105708741,0.5012825266387115,industrial,0,14,2
2024-01-03 15:00:00,0.42031459362317575,0.2460297390328529,0.8497999988176369,0.5544410956835003,residential,0,15,2
2024-01-03 16:00:00,0.5452901789022421,0.5713701172047949,0.5508890834188783,0.3981193614790177,residential,0,16,2
2024-01-03 17:00:00,0.6938708398493999,0.31973695293970905,0.5535160184503813,0.47711132104177534,commercial,0,17,2
2024-01-03 18:00:00,0.49742797768763886,0.3109394794604893,0.5147077566307122,0.5285668689683012,residential,0,18,2
2024-01-03 19:00:00,0.6471423448965891,0.3793914971320555,0.540812097887164,0.7311583771069091,industrial,0,19,2
2024-01-03 20:00:00,0.4504233202314274,0.3748958424167836,0.5293047244937805,0.6393841993502887,residential,0,20,2
2024-01-03 21:00:00,0.6615935413257488,0.38096704619060356,0.6112723194991421,0.6290384867051316,industrial,0,21,2
2024-01-03 22:00:00,0.7036417838872653,0.3209525544554687,0.627800330820839,0.5311775611198783,commercial,0,22,2
2024-01-03 23:00:00,0.5300686728971367,0.49538302669309525,0.5518419950150836,0.30253521597275995,residential,0,23,2
2024-01-04 00:00:00,0.6612583066494994,0.6882024496475034,0.5590799905677014,0.21951987169162837,residential,0,0,3
2024-01-04 01:00:00,0.9001798516430654,0.686305813636002,0.6727051971271506,0.24369333816353458,industrial,0,1,3
2024-01-04 02:00:00,0.8067209971078654,0.7593186626639397,0.6146375215170167,0.326919561820761,commercial,0,2,3
2024-01-04 03:00:00,0.7343287310660923,0.590299788594191,0.3001753681542572,0.3472118023275237,commercial,0,3,3
2024-01-04 04:00:00,0.8905906906032851,0.5742445987310296,0.14463845014539783,0.2845005900703814,commercial,0,4,3
2024-01-04 05:00:00,0.7961298508444994,0.6806064732478488,0.6359660447115363,0.20558250036251585,residential,0,5,3
2024-01-04 06:00:00,0.8511337358006996,0.7055724912288694,0.28329644786902597,0.3315818758788718,residential,0,6,3
2024-01-04 07:00:00,0.7827217128492087,0.8026043171049085,0.42550389458462484,0.42721399301709573,residential,0,7,3
2024-01-04 08:00:00,1.0,0.5039586177854058,0.3732954607554743,0.48925441987533475,industrial,0,8,3
2024-01-04 09:00:00,0.8147993923177087,0.794376388183371,0.1913900179079857,0.7854196082709326,commercial,0,9,3
2024-01-04 10:00:00,0.8488030647498517,0.5841992101421011,0.6059596461880878,0.6132986386442156,residential,0,10,3
2024-01-04 11:00:00,0.5208270763842696,0.5090757020257621,0.6611505634376683,0.6295973561108393,residential,0,11,3
2024-01-04 12:00:00,0.634539517659348,0.39878956247398323,0.49388657114879714,0.5073522156848475,residential,0,12,3
2024-01-04 13:00:00,0.5757617025953355,0.2827505237929189,0.22651849904038784,0.5525890715959425,residential,0,13,3
2024-01-04 14:00:00,0.5778188462439677,0.4823170583961915,0.4733682152432701,0.6923656724656713,commercial,0,14,3
2024-01-04 15:00:00,0.6210675859472052,0.36591044048153093,0.6489974686659227,0.7805826655753224,commercial,0,15,3
2024-01-04 16:00:00,0.7320174488669483,0.19779882926900694,0.41882361590317857,0.57908305864785,industrial,0,16,3
2024-01-04 17:00:00,0.23322701041547952,0.17730695753582468,0.6743119007061259,0.5324716102722883,residential,0,17,3
2024-01-04 18:00:00,0.4635038906134626,0.2664215300709872,0.6177770636027545,0.6000791938284896,residential,0,18,3
2024-01-04 19:00:00,0.37039285788445864,0.4737169872711256,0.6447786287588255,0.6901810123393672,commercial,0,19,3
2024-01-04 20:00:00,0.4730101619718279,0.30083578410675177,0.6276863200300974,0.3834217775799687,commercial,0,20,3
2024-01-04 21:00:00,0.6859201617042695,0.20826434845087982,0.49156035433250267,0.2555728570294143,commercial,0,21,3
2024-01-04 22:00:00,0.5735425760469167,0.3754256935914055,0.766858017172252,0.38568036293663904,commercial,0,22,3
2024-01-04 23:00:00,0.47145951288284976,0.42096383400472864,0.5499314138445358,0.13356304998003227,residential,0,23,3
2024-01-05 00:00:00,0.650227248822394,0.23031133570584283,0.6268109183617573,0.38791003760548587,commercial,0,0,4
2024-01-05 01:00:00,0.8335222282922069,0.5463343223687229,0.3961095094284036,0.2750415914498862,residential,0,1,4
2024-01-05 02:00:00,0.5638467296193443,0.5769065469791321,0.46043569822753383,0.5373085413340243,residential,0,2,4
2024-01-05 03:00:00,0.6841696227905648,0.7110419927186513,0.35396699508036944,0.3175689588106698,residential,0,3,4
2024-01-05 04:00:00,0.9413184832723203,0.8581006902514222,0.4166278839360599,0.38248511263071305,residential,0,4,4
2024-01-05 05:00:00,1.0,0.8058416682125895,0.7150037715575746,0.3046663237893395,commercial,0,5,4
2024-01-05 06:00:00,0.7963477282456808,0.6731111309445169,0.2922814892769414,0.6608277027779996,residential,0,6,4
2024-01-05 07:00:00,0.7822711726179582,0.5825325743836467,0.28320601800339484,0.35181358508231325,commercial,0,7,4
2024-01-05 08:00:00,1.0,0.9305410610818738,0.6415132307994791,0.6748835565218803,industrial,0,8,4
2024-01-05 09:00:00,0.8830900484456696,0.6473431996387584,0.4743984885355925,0.588635357019681,residential,0,9,4
2024-01-05 10:00:00,0.7695943448592375,0.6013929291912946,0.41922121044362415,0.7005720925861818,residential,0,10,4
2024-01-05 11:00:00,0.7037009289122853,0.5493513003095039,0.6911803130165604,0.43922141504397666,commercial,0,11,4
2024-01-05 12:00:00,0.6200393479483142,0.5198084760767855,0.45321512621643467,0.36693618509759035,residential,0,12,4
2024-01-05 13:00:00,0.5551083667084558,0.43380014978710163,0.8437614120959098,0.7226834487037542,residential,0,13,4
2024-01-05 14:00:00,0.5399948642316416,0.3426337993119764,0.6988987409072974,0.6564614289146274,residential,0,14,4
2024-01-05 15:00:00,0.5907926478002551,0.3038927496386513,0.5356454638865492,0.46469226684637344,residential,0,15,4
2024-01-05 16:00:00,0.725153471167629,0.3235195922215125,0.9265403543233717,0.46955053780879585,industrial,0,16,4
2024-01-05 17:00:00,0.539415511423621,0.2524723576288098,0.5334010542608563,0.7688152176622154,industrial,0,17,4
2024-01-05 18:00:00,0.6258628003480197,0.22871542173228354,0.7426996792817109,0.4215882160699008,commercial,0,18,4
2024-01-05 19:00:00,0.6636532687599674,0.31745785751137595,0.649656529807561,0.8464009429883945,industrial,0,19,4
2024-01-05 20:00:00,0.705320892601253,0.30129719750102674,0.8048720341595117,0.4649068898028197,industrial,0,20,4
2024-01-05 21:00:00,0.633052840088498,0.5089779426209593,0.7815332967227401,0.6957587888412574,residential,0,21,4
2024-01-05 22:00:00,0.5830541838710556,0.1349030191606987,0.6643297166116554,0.542717391558713,industrial,0,22,4
2024-01-05 23:00:00,0.6897884721724532,0.5573868761717419,0.4197712565965499,0.34502394694479227,commercial,0,23,4
2024-01-06 00:00:00,0.5724053397412154,0.6246085192497629,0.5816132656659385,0.1444192619759922,industrial,1,0,5
2024-01-06 01:00:00,0.4722790598920794,0.34442478577968916,0.49501525880327724,0.26133010178056687,industrial,1,1,5
2024-01-06 02:00:00,0.5058830463267866,0.5657312405919651,0.8322887149514038,0.6344333152762297,residential,1,2,5
2024-01-06 03:00:00,0.717845995232282,0.6042772696377303,0.5391971187710914,0.3589010377256044,residential,1,3,5
2024-01-06 04:00:00,0.3791883732642267,0.5324539112851056,0.485465593917652,0.3634924030937473,residential,1,4,5
2024-01-06 05:00:00,0.5553871243591478,0.6154034964987262,0.5430809969301184,0.35502427055876795,residential,1,5,5
2024-01-06 06:00:00,0.8090319178966654,0.5889424154534171,0.3212483319345204,0.685620488435951,industrial,1,6,5
2024-01-06 07:00:00,0.8184175719958899,0.868412209600176,0.2937342313433494,0.6438938373043095,industrial,1,7,5
2024-01-06 08:00:00,0.5642081503807334,0.7667729200716339,0.6500302101701736,0.7328170350172201,residential,1,8,5
2024-01-06 09:00:00,0.5458440812496613,0.7685768657367255,0.370892798433273,0.5713458356099747,commercial,1,9,5
2024-01-06 10:00:00,0.5180563807160777,0.6721672064043235,0.34131319067641197,0.9618923132419374,residential,1,10,5
2024-01-06 11:00:00,0.3560534649838603,0.4388586318987812,0.6488403233094585,0.7176906431847035,residential,1,11,5
2024-01-06 12:00:00,0.20431585827612023,0.4475479733720226,0.7435912311878428,0.5971109430398408,residential,1,12,5
2024-01-06 13:00:00,0.4461792502961779,0.4971736471022877,0.6586909024690737,0.5605663756187598,residential,1,13,5
2024-01-06 14:00:00,0.5472283094095245,0.2777872191108055,0.7660709871376308,0.6033698839218069,industrial,1,14,5
2024-01-06 15:00:00,0.27404255832609015,0.42987848677992935,0.457517190680602,0.6820678672762814,residential,1,15,5
2024-01-06 16:00:00,0.33897464037425024,0.30276237942729883,0.3958996861605337,0.42287807770367325,commercial,1,16,5
2024-01-06 17:00:00,0.38492311787132993,0.26933275398722656,0.844400221597155,0.7671482542003307,commercial,1,17,5
2024-01-06 18:00:00,0.23216637190631642,0.37109599682034916,0.5402692251275749,0.7073071973161866,residential,1,18,5
2024-01-06 19:00:00,0.48768076361570295,0.35124116589079024,0.5570026977645057,0.7077278588561902,industrial,1,19,5
2024-01-06 20:00:00,0.3944372738946671,0.2906983026612043,0.8120196304789974,0.665771360821459,industrial,1,20,5
2024-01-06 21:00:00,0.38379500672775657,0.47451162409911524,0.6410810141803645,0.6029424986540984,residential,1,21,5
2024-01-06 22:00:00,0.29904159152261667,0.2918936672400102,0.6808150656402381,0.234270581040622,residential,1,22,5
2024-01-06 23:00:00,0.3686672490578761,0.5098297516739221,0.8718014262329858,0.43308121405208005,residential,1,23,5
2024-01-07 00:00:00,0.30025713806240506,0.5593101257968384,0.435679227703927,0.5826938728458337,residential,1,0,6
2024-01-07 01:00:00,0.4559411581273358,0.5208091650891051,0.682933269685454,0.3230205453229906,residential,1,1,6
2024-01-07 02:00:00,0.5249662670452863,0.6326133022242117,0.5187679780672991,0.29231216638785973,commercial,1,2,6
2024-01-07 03:00:00,0.5482653987754584,0.5163099985987791,0.5853958422498547,0.3654213062229624,commercial,1,3,6
2024-01-07 04:00:00,0.5077953168378916,0.7656077826775778,0.6995879291586063,0.5769587812541066,residential,1,4,6
2024-01-07 05:00:00,0.48452906971412524,0.6746949516135148,0.5737668779593891,0.4291161446430037,residential,1,5,6
2024-01-07 06:00:00,0.9395272518309762,0.647727697948096,0.5864261024730161,0.32031785580886024,industrial,1,6,6
2024-01-07 07:00:00,0.701013216470733,0.7980860878415026,0.6214502742440194,0.472581497678206,residential,1,7,6
2024-01-07 08:00:00,0.6940873530797291,0.6027707117026119,0.4644258770577836,0.23465617752453652,residential,1,8,6
2024-01-07 09:00:00,0.3983494609337277,0.5005752266009535,0.4239459819188629,0.636592979686275,residential,1,9,6
2024-01-07 10:00:00,0.6595677165223932,0.4443370826476096,0.409977496102562,0.5665196618047792,industrial,1,10,6
2024-01-07 11:00:00,0.3478152075800641,0.6123648041550681,0.22133707034707928,0.8234795157903123,residential,1,11,6
2024-01-07 12:00:00,0.40873582277430925,0.3719570647503717,0.8968439500659369,0.35986440322852264,commercial,1,12,6
2024-01-07 13:00:00,0.40247010639688235,0.6237156091779323,0.34740406238836774,0.4757254462829631,commercial,1,13,6
2024-01-07 14:00:00,0.3525281323576505,0.1918070592116278,0.6092698386986458,0.5845117859776429,residential,1,14,6
2024-01-07 15:00:00,0.357880464692216,0.5282242805916944,0.5000107208391535,0.35352167832687487,commercial,1,15,6
2024-01-07 16:00:00,0.31514586932053035,0.34789666596337415,0.6417420048823528,0.5736218393351893,residential,1,16,6
2024-01-07 17:00:00,0.3528695019347506,0.29714352355514706,0.7332175248143503,0.8492205248592026,commercial,1,17,6
2024-01-07 18:00:00,0.47339271843220415,0.245508091319105,0.7554185958582302,0.6031329732443943,commercial,1,18,6
2024-01-07 19:00:00,0.19610127744094052,0.3467284461773934,0.5085198503614412,0.6346051358578025,commercial,1,19,6
2024-01-07 20:00:00,0.32544113841540356,0.3230314490006274,0.5780223082318501,0.410975285224113,residential,1,20,6
2024-01-07 21:00:00,0.5694310188469446,0.4689088319643426,0.6017143429839422,0.5075457887940784,industrial,1,21,6
2024-01-07 22:00:00,0.21941424593107792,0.4114227648662039,0.5392695016126068,0.25952404378156063,residential,1,22,6
2024-01-07 23:00:00,0.4244010835776112,0.4632663671256834,0.8021219262652938,0.2998330665296671,residential,1,23,6
2024-01-08 00:00:00,0.6396193527978212,0.4636387787786144,0.6345546091121533,0.443828909248956,residential,0,0,0
2024-01-08 01:00:00,0.749838605298785,0.5460692466483974,0.6464108939129534,0.3719006472390438,commercial,0,1,0
2024-01-08 02:00:00,0.7552411964200811,0.6307801768892058,0.61019813723335,0.06426531500125421,commercial,0,2,0
2024-01-08 03:00:00,0.6626181644563767,0.47040451697164687,0.7348997235313046,0.08189497710474009,residential,0,3,0
2024-01-08 04:00:00,1.0,0.5383865385463164,0.565637272241661,0.3089702233214237,commercial,0,4,0
2024-01-08 05:00:00,0.818445814391976,0.7675115746600852,0.2752217354085974,0.46865298790803284,residential,0,5,0
2024-01-08 06:00:00,0.9759877088850756,0.7170865438127941,0.5448272296190579,0.0,commercial,0,6,0
2024-01-08 07:00:00,0.7365742897344651,0.6747868316225458,0.39986041644446185,0.3250404735772554,residential,0,7,0
2024-01-08 08:00:00,0.8225252696826202,0.675048474063427,0.4181929555185083,0.32106282152238685,commercial,0,8,0
2024-01-08 09:00:00,0.8478607072726728,0.6761795267734767,0.5851007447812209,0.41136332116280755,residential,0,9,0
2024-01-08 10:00:00,0.7962387094696901,0.5460240319690638,0.7219352511243262,0.5648970211339528,industrial,0,10,0
2024-01-08 11:00:00,0.620392422629011,0.47393333648027286,0.5610107355663273,0.6699537561669502,residential,0,11,0
2024-01-08 12:00:00,0.6266390979877322,0.5195845255097682,0.590449594236914,0.7481001774883652,residential,0,12,0
2024-01-08 13:00:00,0.5601667340254246,0.35039891321799266,0.8502125677298878,0.5886073464536216,residential,0,13,0
2024-01-08 14:00:00,0.7188375923129969,0.44082527557144724,0.6038653942518509,0.5520228715117734,industrial,0,14,0
2024-01-08 15:00:00,0.683263621977473,0.1883202833389065,1.0,0.6227636988373111,industrial,0,15,0
2024-01-08 16:00:00,0.5314667464928945,0.4297104829756767,0.6559133019520286,0.4747285647554965,residential,0,16,0
2024-01-08 17:00:00,0.6046970462900843,0.3540745829834906,0.32966321123158016,0.913430808254216,commercial,0,17,0
2024-01-08 18:00:00,0.5562562899928514,0.32560297343138755,0.7153203511362635,0.3588508459322912,industrial,0,18,0
2024-01-08 19:00:00,0.5333955048496836,0.4050839331367377,0.6356485777913953,0.6277110868343586,commercial,0,19,0
2024-01-08 20:00:00,0.6843456911203634,0.49334236368936996,0.7454602040056008,0.9035409328844459,commercial,0,20,0
2024-01-08 21:00:00,0.5775088878808284,0.4600156502645035,0.6629725076111427,0.6010199766839996,residential,0,21,0
2024-01-08 22:00:00,0.3783537592548819,0.21591257686683538,0.6144578293423832,0.3931731632048137,residential,0,22,0
2024-01-08 23:00:00,0.773351234123983,0.32027849430592553,0.4202717162648174,0.3363645499902935,industrial,0,23,0
2024-01-09 00:00:00,0.6492456084961016,0.4375181422304321,0.5373910687379665,0.3145250607641862,industrial,0,0,1
2024-01-09 01:00:00,0.7734522317385252,0.5543729140415875,0.4061100576561286,0.4494263103359514,commercial,0,1,1
2024-01-09 02:00:00,0.8771745417490606,0.6517659020469123,0.41739171191521784,0.17242394549924817,residential,0,2,1
2024-01-09 03:00:00,0.6640039947808558,0.5688469749219629,0.6176326681865025,0.5125868751282648,residential,0,3,1
2024-01-09 04:00:00,0.8215343183692583,0.6918817572045955,0.7429211484913323,0.33757083926721193,commercial,0,4,1
2024-01-09 05:00:00,1.0,0.6176468720224815,0.5739066678667026,0.23048959914394637,industrial,0,5,1
2024-01-09 06:00:00,0.8743455227233894,0.6388482197008052,0.32896307478448084,0.332498071300628,industrial,0,6,1
2024-01-09 07:00:00,0.8247722826671554,0.5525190555729915,0.6009346835611236,0.5885723825293859,commercial,0,7,1
2024-01-09 08:00:00,0.9137954528033656,0.5808817561457973,0.7052301961531084,0.31969973694756654,commercial,0,8,1
2024-01-09 09:00:00,0.6765737284979652,0.5062528956756762,0.45665669564938977,0.6693258999122914,residential,0,9,1
2024-01-09 10:00:00,0.6766049359635756,0.5024126747022667,0.5291736225883822,0.9036464434930278,residential,0,10,1
2024-01-09 11:00:00,0.9497833113268385,0.6571279886812881,0.505064832604993,0.39552389931107845,industrial,0,11,1
2024-01-09 12:00:00,0.734735708906286,0.4050601111168057,0.4607472197026222,0.6284559251415593,commercial,0,12,1
2024-01-09 13:00:00,0.644817494430901,0.7114743974632349,0.5837997458376083,0.5007026733305087,residential,0,13,1
2024-01-09 14:00:00,0.5077365756760147,0.44933179008808893,0.547058240682406,0.6638830809289553,residential,0,14,1
2024-01-09 15:00:00,0.6189513232699699,0.3770622561321779,0.6498111897464007,0.6028721666123628,commercial,0,15,1
2024-01-09 16:00:00,0.42838940326935193,0.24095914122499096,0.49458843096218774,0.5037769636433536,residential,0,16,1
2024-01-09 17:00:00,0.48710473938731963,0.3768458226830854,0.5213275081465627,0.673180842730661,residential,0,17,1
2024-01-09 18:00:00,0.4787326814658063,0.2424362173762226,0.7356263384612989,0.8706522164680115,commercial,0,18,1
2024-01-09 19:00:00,0.524308771347621,0.3190158162067224,0.5483702823242181,0.5713644312409052,commercial,0,19,1
2024-01-09 20:00:00,0.5274602406421715,0.5828033730699917,0.7842035657640132,0.7079636913222273,commercial,0,20,1
2024-01-09 21:00:00,0.4809279047795641,0.34897265379022546,0.5353627760207419,0.40600905631932543,residential,0,21,1
2024-01-09 22:00:00,0.5831053974354058,0.5149273326285675,0.5792245090742126,0.413762872667256,commercial,0,22,1
2024-01-09 23:00:00,0.46763713691504366,0.3779185484669069,0.7265130602408914,0.4378360594640016,residential,0,23,1
2024-01-10 00:00:00,0.6399931220184918,0.49650115095030384,0.3382947947749541,0.3825656435317063,residential,0,0,2
2024-01-10 01:00:00,0.821610813350802,0.7288438725840551,0.21722551642766702,0.43220697747557896,commercial,0,1,2
2024-01-10 02:00:00,0.8650905576401304,0.5373032942212232,0.3099605645481188,0.6367177086343276,commercial,0,2,2
2024-01-10 03:00:00,0.9561092140193747,0.8226662120370023,0.6425877519029766,0.5478174528422828,industrial,0,3,2
2024-01-10 04:00:00,0.9313440931750933,0.7439802743024352,0.39402719582540235,0.5303731888745344,commercial,0,4,2
2024-01-10 05:00:00,0.9363403772589307,0.6369384876683869,0.8926483465497217,0.3316690710964194,commercial,0,5,2
2024-01-10 06:00:00,0.858230059407638,0.763240773905552,0.386390628029726,0.26661387576575135,residential,0,6,2
2024-01-10 07:00:00,0.7569247013632863,0.7904406102204867,0.49055051241340947,0.5432950837356629,residential,0,7,2
2024-01-10 08:00:00,0.8089301045450824,0.7353860769786075,0.7107006697915991,0.5314070188794692,residential,0,8,2
2024-01-10 09:00:00,0.7520770177120079,0.48439888424826394,0.8555942679493893,0.6398817344478073,residential,0,9,2
2024-01-10 10:00:00,0.9010315338361379,0.5272862824175131,0.8510396517702057,0.5344920395939107,industrial,0,10,2
2024-01-10 11:00:00,0.4973070331887621,0.5270119454653537,0.7231513509493652,0.5900801078061266,residential,0,11,2
2024-01-10 12:00:00,0.8313505013358774,0.49255665708999535,0.7058423817447207,0.9149582683749773,industrial,0,12,2
2024-01-10 13:00:00,0.860240306533314,0.5103034007345637,0.6357880221598082,0.5629461448881005,commercial,0,13,2
2024-01-10 14:00:00,0.5997508785181065,0.4177701000933254,0.691423131396998,0.5462489771968166,commercial,0,14,2
2024-01-10 15:00:00,0.5006966565719283,0.22504420789168042,0.5498088801832158,0.5028687291547261,commercial,0,15,2
2024-01-10 16:00:00,0.5929270150779878,0.36481470434370866,0.46782575618354133,0.7116287957249905,commercial,0,16,2
2024-01-10 17:00:00,0.4736760647480793,0.3678734092705686,0.5891318086071866,0.5728163740172846,residential,0,17,2
2024-01-10 18:00:00,0.536614622191934,0.355979044793104,0.5676785931833295,0.5025940442517861,residential,0,18,2
2024-01-10 19:00:00,0.45746025504345844,0.4148929072976485,0.5075479204116141,0.7981956048409518,commercial,0,19,2
2024-01-10 20:00:00,0.5306440365779341,0.41018713469800266,0.6814019767091064,0.8129404506770456,residential,0,20,2
2024-01-10 21:00:00,0.5420670780592418,0.4044966516855341,0.7219467857799163,0.5099364651391942,residential,0,21,2
2024-01-10 22:00:00,0.6122249628155833,0.39298342885413523,0.5953660042875365,0.3719655762757023,commercial,0,22,2
2024-01-10 23:00:00,0.5647001481939363,0.28214009762789655,0.8369874828699203,0.15542901344272902,residential,0,23,2
2024-01-11 00:00:00,0.9109489629105203,0.5429618219132586,0.36585808630599664,0.5808991774820225,industrial,0,0,3
2024-01-11 01:00:00,0.9431146027150171,0.5725325777368153,0.4991913077869977,0.5166111029146767,industrial,0,1,3
2024-01-11 02:00:00,0.8289900317780091,0.6271578837195373,0.40432928679371805,0.4700006472949122,industrial,0,2,3
2024-01-11 03:00:00,0.7944279718494767,0.5137464986552784,0.2658955578424575,0.628150934073907,residential,0,3,3
2024-01-11 04:00:00,0.7577486075082766,0.5650994267160614,0.5180680691087767,0.2576625218762745,residential,0,4,3
2024-01-11 05:00:00,1.0,0.7985004505911041,0.44218773856517624,0.6621044796873337,industrial,0,5,3
2024-01-11 06:00:00,0.8150646562030025,0.6960444846143344,0.7182041161020193,0.5398287346390578,residential,0,6,3
2024-01-11 07:00:00,1.0,0.7613352349950762,0.5662211821846937,0.3645167069171581,industrial,0,7,3
2024-01-11 08:00:00,1.0,0.676036918369934,0.34356090083963897,0.5703430220774417,industrial,0,8,3
2024-01-11 09:00:00,0.9482479744274219,0.6443969701868841,0.7847947938940629,0.702947768543505,industrial,0,9,3
2024-01-11 10:00:00,0.6442019858488665,0.6938283805975998,0.675006540149523,0.6158841679672851,residential,0,10,3
2024-01-11 11:00:00,0.6273723355275531,0.5001593361987667,0.6372668546606624,0.6876619470708726,residential,0,11,3
2024-01-11 12:00:00,0.8362179928836576,0.5096120776940983,0.5131437618642957,0.8964660876773227,industrial,0,12,3
2024-01-11 13:00:00,0.6599160584001842,0.4020086621089916,0.4354815158587805,0.3653637582433423,residential,0,13,3
2024-01-11 14:00:00,0.5645576502472605,0.35655037725676847,0.5372038704123115,0.8425818862452936,residential,0,14,3
2024-01-11 15:00:00,0.5114234468054197,0.3276614314158266,0.7650138635308799,0.6156533906284819,commercial,0,15,3
2024-01-11 16:00:00,0.8587130420479422,0.3490082964064836,0.8779854569682461,0.4651823927515307,industrial,0,16,3
2024-01-11 17:00:00,0.5480811454500458,0.25893997257583856,0.8538045374680767,0.40045295613915155,commercial,0,17,3
2024-01-11 18:00:00,0.6571463815513916,0.4255756125573521,0.4989999029648532,0.571631941383445,commercial,0,18,3
2024-01-11 19:00:00,0.40644479227450864,0.2173541045202359,0.46685115365057755,0.7382475167886688,residential,0,19,3
2024-01-11 20:00:00,0.5943864799741654,0.3081077548269764,0.6287006105885876,0.5808676319433699,commercial,0,20,3
2024-01-11 21:00:00,0.7440125707705448,0.31460553793527296,0.3403524337849903,0.8266732395371021,industrial,0,21,3
2024-01-11 22:00:00,0.651395134627415,0.5446977884353732,0.5850658205971052,0.19475274417507846,residential,0,22,3
2024-01-11 23:00:00,0.7593449413910105,0.4678916686306531,0.5374921114660037,0.6980913998846212,commercial,0,23,3
2024-01-12 00:00:00,0.9104126507952108,0.6031844539468635,0.4491391885357046,0.5367044083262082,industrial,0,0,4
2024-01-12 01:00:00,0.7142574726132108,0.40320777171680694,0.33983220839493855,0.4158630686907221,commercial,0,1,4
2024-01-12 02:00:00,0.7746013219609003,0.6267050265869258,0.5890285080093797,0.5895560016482003,commercial,0,2,4
2024-01-12 03:00:00,0.8987515051638486,0.7303844357996532,0.40097954331081725,0.27305260338013965,commercial,0,3,4
2024-01-12 04:00:00,0.8608407522918373,0.6814334796844301,0.3200824307381277,0.481521906800514,residential,0,4,4
2024-01-12 05:00:00,0.8070178584341015,0.7997332027643489,0.0292407071784479,0.42997156505780704,residential,0,5,4
2024-01-12 06:00:00,1.0,0.6482711549899627,0.5013914177454157,0.4396030122000505,industrial,0,6,4
2024-01-12 07:00:00,1.0,0.8341199092763717,0.71560176671755,0.5908530250160152,industrial,0,7,4
2024-01-12 08:00:00,0.9572171156655548,0.9030948931188129,0.6782604142465366,0.5098738154169704,industrial,0,8,4
2024-01-12 09:00:00,0.8801398609129484,0.6051375001933437,0.449894311454056,0.43934194805264265,industrial,0,9,4
2024-01-12 10:00:00,0.7948599448595576,0.5554497478599227,0.4430332665877561,0.7020324158175674,commercial,0,10,4
2024-01-12 11:00:00,0.8228523215669686,0.6971022567322742,0.5611854613915712,0.7788761268716962,commercial,0,11,4
2024-01-12 12:00:00,0.7096260818132502,0.6579572145730712,0.35285501974983485,0.33321186239902245,commercial,0,12,4
2024-01-12 13:00:00,0.7685433951968272,0.395950188264169,0.6264837284936691,0.6479477738878465,commercial,0,13,4
2024-01-12 14:00:00,0.650521612579559,0.3579813182904143,0.7075176462705792,0.5243730253488492,commercial,0,14,4
2024-01-12 15:00:00,0.5831697832566052,0.33040018287663986,0.7849199287196542,0.5877715990347531,commercial,0,15,4
2024-01-12 16:00:00,0.513693401150789,0.1923498681396846,0.6272719280861017,0.6521514725307505,industrial,0,16,4
2024-01-12 17:00:00,0.3128357887611925,0.21494964009376646,0.6049640454453251,0.5269157153829671,residential,0,17,4
2024-01-12 18:00:00,0.43239792468750315,0.1995859233247932,0.5084268349890778,0.4986437881257582,residential,0,18,4
2024-01-12 19:00:00,0.25051049161060757,0.23003507823177344,0.5069574234244889,0.6051228626232037,residential,0,19,4
2024-01-12 20:00:00,0.6357724683047469,0.32332643050443416,0.5690302370634407,0.43691310917057957,commercial,0,20,4
2024-01-12 21:00:00,0.47768169867550075,0.3820001170163425,0.6405047909175239,0.43712623066722217,residential,0,21,4
2024-01-12 22:00:00,0.8154574474238601,0.5550500492814077,0.6705226791505651,0.4386628810214126,residential,0,22,4
2024-01-12 23:00:00,0.835490600665034,0.3484007869056166,0.4750029213262632,0.21373591367775638,commercial,0,23,4
2024-01-13 00:00:00,0.39517052242973033,0.5984322398476584,0.7443736133896307,0.4501264625867346,residential,1,0,5
2024-01-13 01:00:00,0.5263888814824635,0.5303649245979533,0.5002219824642287,0.3767111426762877,commercial,1,1,5
2024-01-13 02:00:00,0.5636572469271137,0.5950536290347567,0.5182788171373075,0.1138288663183914,residential,1,2,5
2024-01-13 03:00:00,0.6741004870622191,0.7089033054539698,0.3752472564916355,0.27094224838307474,residential,1,3,5
2024-01-13 04:00:00,0.6010480616929159,0.5609328786006578,0.16808409737886143,0.3379591699867534,industrial,1,4,5
2024-01-13 05:00:00,0.43826406469022905,0.7314261398762187,0.6131789674912919,0.6831531486010285,residential,1,5,5
2024-01-13 06:00:00,0.5335662597199106,0.7166452208213056,0.5955330183174733,0.48348296868006374,residential,1,6,5
2024-01-13 07:00:00,0.7299939389289951,0.7424302916586286,0.43507177893467935,0.19967776463501632,commercial,1,7,5
2024-01-13 08:00:00,0.7000780868378076,0.7021219451476696,0.49941202403942986,0.47290544341264557,commercial,1,8,5
2024-01-13 09:00:00,0.65903800762237,0.886951370228399,0.5113054715870952,0.5622691670933256,residential,1,9,5
2024-01-13 10:00:00,0.47626939804574897,0.5362260015748683,0.304750320994558,0.5103734707962537,commercial,1,10,5
2024-01-13 11:00:00,0.2432641704319325,0.49866411352032236,0.47104286434195897,0.8133554792547761,residential,1,11,5
2024-01-13 12:00:00,0.44617832509567634,0.43768594735752353,0.687833917736017,0.8608349495696368,residential,1,12,5
2024-01-13 13:00:00,0.36345913721009726,0.3926884790634704,0.39405004280557143,0.7468287076172693,commercial,1,13,5
2024-01-13 14:00:00,0.22077322830277868,0.33626128726934823,0.6431553036441899,0.6127977213847536,commercial,1,14,5
2024-01-13 15:00:00,0.3910351418734576,0.47748029687344573,0.35326864024445553,0.47876014175386106,commercial,1,15,5
2024-01-13 16:00:00,0.417319313298248,0.4688453440420978,0.6293108941523996,0.4754333390165152,commercial,1,16,5
2024-01-13 17:00:00,0.3852945965603853,0.24974020536723868,0.6197317160452058,0.6783771157898636,industrial,1,17,5
2024-01-13 18:00:00,0.24672501764331634,0.21676444268957712,0.39270089480730036,0.6627597331333025,commercial,1,18,5
2024-01-13 19:00:00,0.20315342556113256,0.3539563903808267,0.7685239860543277,0.8102397889419644,residential,1,19,5
2024-01-13 20:00:00,0.2847640914032747,0.27157261481501516,0.508339479035788,0.6975675138804208,commercial,1,20,5
2024-01-13 21:00:00,0.16046457897445282,0.42187182553824154,0.45190058678637035,0.3745379547360273,residential,1,21,5
2024-01-13 22:00:00,0.24188400625779133,0.4202923020851299,0.6039976889591024,0.5800392624608244,residential,1,22,5
2024-01-13 23:00:00,0.3522118915316814,0.29666177947977246,0.7832970685703755,0.3305257956871902,residential,1,23,5
2024-01-14 00:00:00,0.4466843873367212,0.6547505201330062,0.3512015711133386,0.33828600893259964,residential,1,0,6
2024-01-14 01:00:00,0.6885379565087351,0.7313515763300563,0.4898465045781788,0.573085110138362,industrial,1,1,6
2024-01-14 02:00:00,0.5931323476420419,0.5387211309515614,0.6027061357641175,0.11953874504568696,industrial,1,2,6
2024-01-14 03:00:00,0.602076004255871,0.602651200243711,0.6231704810163583,0.34172188372254864,commercial,1,3,6
2024-01-14 04:00:00,0.3860969308181131,0.7017916198293782,0.5159287473427703,0.42856358348875867,residential,1,4,6
2024-01-14 05:00:00,0.5944931759054947,0.7266308442565163,0.4269565708605468,0.46738280819275513,residential,1,5,6
2024-01-14 06:00:00,0.7074795020785419,0.765854427267283,0.34610513872250714,0.32352899602136764,residential,1,6,6
2024-01-14 07:00:00,0.49579942720688147,0.8942056191344487,0.4446598967166216,0.4051661517558762,residential,1,7,6
2024-01-14 08:00:00,0.604131668303742,0.6555103580074828,0.3425260407999141,0.02675089698805161,commercial,1,8,6
2024-01-14 09:00:00,0.6347128858314853,0.5615916317834642,0.09331993794076959,0.8692817033868483,commercial,1,9,6
2024-01-14 10:00:00,0.6576410261939082,0.46206807719854726,0.626863547464086,0.6345106138787103,commercial,1,10,6
2024-01-14 11:00:00,0.3886990484666286,0.4786708050263122,0.6919889846550356,0.6746614633637091,residential,1,11,6
2024-01-14 12:00:00,0.5339574342012524,0.4966873027126203,0.19655394385493813,0.6998886378081692,industrial,1,12,6
2024-01-14 13:00:00,0.31920168730759013,0.6276919773312746,0.3602328010941269,0.6632379915921683,commercial,1,13,6
2024-01-14 14:00:00,0.3929228243639251,0.3482388700963829,0.6884014781218647,0.7258410750704418,commercial,1,14,6
2024-01-14 15:00:00,0.5234915538188336,0.3809574389265804,0.8943370887787806,0.5074120220179615,commercial,1,15,6
2024-01-14 16:00:00,0.24731539231667574,0.32515262963583713,0.6055732672605599,0.5162547369080954,residential,1,16,6
2024-01-14 17:00:00,0.2284596401393416,0.4256541620869947,0.4631033101895314,0.4349768650542457,residential,1,17,6
2024-01-14 18:00:00,0.2763052333788313,0.5526932425873622,0.5067575610580654,0.665925184593034,residential,1,18,6
2024-01-14 19:00:00,0.29496935723078244,0.2537279574501542,0.8301130756371814,0.7168404755268171,commercial,1,19,6
2024-01-14 20:00:00,0.15062523464978184,0.2778509749912901,0.5197500806339326,0.6686659299227828,residential,1,20,6
2024-01-14 21:00:00,0.3423953223701538,0.46299473146959763,0.4412227795615826,0.8511738650021305,residential,1,21,6
2024-01-14 22:00:00,0.3266987516414665,0.4681891489626311,0.4871317269839058,0.5071914685954927,residential,1,22,6
2024-01-14 23:00:00,0.37916758809993417,0.6329069235530991,0.36712863169526344,0.09250880821337831,residential,1,23,6
2024-01-15 00:00:00,0.7536492815242593,0.5583928185325964,0.5508827018394404,0.5738611097433847,industrial,0,0,0
2024-01-15 01:00:00,0.8662704113085186,0.5158345999417981,0.7889513887878947,0.3495617891978392,commercial,0,1,0
2024-01-15 02:00:00,0.779989316240495,0.6590654830692309,0.5507422460466351,0.46382348998603457,residential,0,2,0
2024-01-15 03:00:00,0.7322906930477181,0.7522917142956003,0.43645946039237676,0.5795870385467842,residential,0,3,0
2024-01-15 04:00:00,0.8811004586375456,0.7552532988766241,0.4296523199996811,0.19424894541543014,residential,0,4,0
2024-01-15 05:00:00,0.7738657205462524,0.7439125683685435,0.2423476081849384,0.29358384963586803,residential,0,5,0
2024-01-15 06:00:00,0.7687732143909002,0.8066674689589154,0.5904662258843991,0.3567176956186443,residential,0,6,0
2024-01-15 07:00:00,0.7661355694054135,0.810114724302381,0.4452900031573654,0.28243697183133576,residential,0,7,0
2024-01-15 08:00:00,0.6705025222927466,0.8114209798606405,0.42950171900321393,0.6602404863755214,residential,0,8,0
2024-01-15 09:00:00,0.9050478766106933,0.7062923449962738,0.9670784316778469,0.686280752415985,commercial,0,9,0
2024-01-15 10:00:00,0.6651660481265949,0.5832881919683145,0.5698264786643585,0.6750998582071814,commercial,0,10,0
2024-01-15 11:00:00,0.5738343857968844,0.5664351776638364,0.4173007891865713,0.607466053077144,residential,0,11,0
2024-01-15 12:00:00,0.4780831386038845,0.6206508966508357,0.4498510915739177,0.6010594737942264,residential,0,12,0
2024-01-15 13:00:00,0.647600092587505,0.36654262388077224,0.7623040692152815,0.500951829078983,commercial,0,13,0
2024-01-15 14:00:00,0.6203478293557083,0.43686733088729013,0.5859303623144776,0.7048242630303801,commercial,0,14,0
2024-01-15 15:00:00,0.6516472382730997,0.3192447625299545,0.3884848744934086,0.6631459416584085,industrial,0,15,0
2024-01-15 16:00:00,0.47262385416600694,0.3296694015365941,0.7389835197253022,0.6738028271989198,commercial,0,16,0
2024-01-15 17:00:00,0.3682644299822918,0.4346600210029162,0.46938038086827605,0.5210947735998629,residential,0,17,0
2024-01-15 18:00:00,0.470971570444124,0.3191099068019903,0.8852616943920347,0.27699856201931333,residential,0,18,0
2024-01-15 19:00:00,0.4933586694315209,0.3114584895578012,0.7685696629898568,0.7645729067630543,commercial,0,19,0
2024-01-15 20:00:00,0.45356671618424993,0.19080930514512034,0.5756589241076512,0.5281743815987394,residential,0,20,0
2024-01-15 21:00:00,0.5297548880051626,0.4332040003654125,0.7621912541506431,0.4705836353935319,commercial,0,21,0
2024-01-15 22:00:00,0.752394703044508,0.46454841811410746,0.5708138011448782,0.43378961758713247,industrial,0,22,0
2024-01-15 23:00:00,0.8183517188819152,0.6645616633100417,0.6285475522753204,0.5039084132675289,commercial,0,23,0
2024-01-16 00:00:00,0.6607376993323627,0.46922217650469994,0.6319432696427612,0.20960042551799515,residential,0,0,1
2024-01-16 01:00:00,0.7405655196654393,0.5736788417868981,0.40094284921529955,0.6553771987194408,commercial,0,1,1
2024-01-16 02:00:00,0.7405635913026893,0.6249383683710755,0.415986014641058,0.4303493194634203,residential,0,2,1
2024-01-16 03:00:00,0.8666461400582964,0.7991666842136569,0.6147441173730771,0.6447785348633663,commercial,0,3,1
2024-01-16 04:00:00,0.9832693308468825,0.6636755275181925,0.4506810419285611,0.2900450506714016,industrial,0,4,1
2024-01-16 05:00:00,0.7830574533384494,0.7210873178348476,0.42312653516324616,0.6727092883836737,residential,0,5,1
2024-01-16 06:00:00,1.0,0.7607896509716539,0.32849471780610084,0.5162733241052175,industrial,0,6,1
2024-01-16 07:00:00,1.0,0.7118460775734495,0.5499860365669842,0.4829560128778538,industrial,0,7,1
2024-01-16 08:00:00,0.6961474584614767,0.6285617193018349,0.8208102220959212,0.4351036681529722,residential,0,8,1
2024-01-16 09:00:00,0.676961782124212,0.6608303555271403,0.3416209562037169,0.6612979217221006,residential,0,9,1
2024-01-16 10:00:00,0.6253892306906985,0.7073631749859772,0.49142396600512045,0.44559427377268923,residential,0,10,1
2024-01-16 11:00:00,0.520623624220961,0.4491122790793981,0.7770993995884949,0.39709945712346983,residential,0,11,1
2024-01-16 12:00:00,0.5252767781052992,0.5132969674146876,0.5340647010887364,0.3716461220673163,residential,0,12,1
2024-01-16 13:00:00,0.669578965676068,0.3782241094855785,0.6543885365917865,0.7669032562484888,commercial,0,13,1
2024-01-16 14:00:00,0.4774779313391462,0.5195046628924843,0.3847895719102228,0.5056104909460817,residential,0,14,1
2024-01-16 15:00:00,0.4962751306173683,0.20625995328431307,0.7023680785958533,0.8300591564874749,residential,0,15,1
2024-01-16 16:00:00,0.6470538362357299,0.2709027345159535,0.5906575398945316,0.5196297805421553,industrial,0,16,1
2024-01-16 17:00:00,0.28653799343132313,0.3445360222486384,0.744498692677388,0.343896306361058,residential,0,17,1
2024-01-16 18:00:00,0.713708527322422,0.456552402923434,0.7411421868576824,0.4325213340077011,industrial,0,18,1
2024-01-16 19:00:00,0.5000229794309541,0.30023980863488753,0.9983626037123258,0.7853717430010407,residential,0,19,1
2024-01-16 20:00:00,0.36484216876030445,0.2712749665737924,0.7055624860098986,0.5766152733094998,residential,0,20,1
2024-01-16 21:00:00,0.6568881763949671,0.5466943507067494,0.5848611422753001,0.5177569055264098,commercial,0,21,1
2024-01-16 22:00:00,0.527519862998939,0.2551986099583755,0.6525980622490877,0.3858311928336996,commercial,0,22,1
2024-01-16 23:00:00,0.7346618924379861,0.22835559531748748,0.5785183774831504,0.46294149580361776,industrial,0,23,1
2024-01-17 00:00:00,0.6276404164446694,0.5440014450053332,0.5875721430176537,0.2704175559115351,commercial,0,0,2
2024-01-17 01:00:00,0.7156860178796606,0.501558386585243,0.5052222725035727,0.5919197397486626,industrial,0,1,2
2024-01-17 02:00:00,0.6639499684883482,0.49787671828692864,0.5759061309543635,0.5562586996088277,residential,0,2,2
2024-01-17 03:00:00,0.7586191016694442,0.7122570009672448,0.6839625300510205,0.4875316454517832,residential,0,3,2
2024-01-17 04:00:00,0.857606465505299,0.6975851521340075,0.33974306956785155,0.3805724129704839,commercial,0,4,2
2024-01-17 05:00:00,0.8975218897223837,0.6367773021841409,0.6799485935141145,0.48697859279426986,industrial,0,5,2
2024-01-17 06:00:00,0.9524019870560911,0.5719695601329104,0.7259763920611066,0.2939661148018977,industrial,0,6,2
2024-01-17 07:00:00,0.8425186337669847,0.7804308980858282,0.4481604515255897,0.5283333488531068,residential,0,7,2
2024-01-17 08:00:00,0.7939574078684136,0.7382251985527539,0.16025420558288456,0.6474221341485882,residential,0,8,2
2024-01-17 09:00:00,0.8669668535977935,0.6315037698593713,0.4193755709780237,0.5927021472644323,commercial,0,9,2
2024-01-17 10:00:00,0.6983235238846147,0.7846636996047666,0.6591500721027364,0.604919549311738,residential,0,10,2
2024-01-17 11:00:00,0.9415113564202486,0.4447553323878889,0.563143190938801,0.48622569979498953,industrial,0,11,2
2024-01-17 12:00:00,0.6953956296571228,0.34744748290752614,0.4458704202835055,0.5654398928691349,industrial,0,12,2
2024-01-17 13:00:00,0.5959910437998337,0.3790453839913714,0.510570146618356,0.46136502835975435,residential,0,13,2
2024-01-17 14:00:00,0.7186395671096871,0.39544139836445025,0.7074605844663477,0.733529761668718,commercial,0,14,2
2024-01-17 15:00:00,0.6289891479809215,0.38291258869495975,0.6671362586217189,0.7552874002085629,commercial,0,15,2
2024-01-17 16:00:00,0.43442851395864374,0.30267131345747933,0.5733587910873019,0.3230718206642859,residential,0,16,2
2024-01-17 17:00:00,0.6012514372023247,0.342020374393616,0.5423702259097121,0.4605733709711385,industrial,0,17,2
2024-01-17 18:00:00,0.5878562235998916,0.1748460575809556,0.5887824603691401,0.3755206117364881,commercial,0,18,2
2024-01-17 19:00:00,0.5515113910656083,0.4511912951495123,0.4262810837803709,0.5024964098389653,industrial,0,19,2
2024-01-17 20:00:00,0.37620220888273387,0.3185798014038554,0.8467324129992596,0.5874843045314458,residential,0,20,2
2024-01-17 21:00:00,0.6761910069669808,0.4703082269215032,0.5105594615418481,0.3825532170452205,industrial,0,21,2
2024-01-17 22:00:00,0.6308668075285139,0.4342725346377703,0.7522920177324933,0.3708596302032221,residential,0,22,2
2024-01-17 23:00:00,0.6103408566968683,0.49391151289487406,0.7800239539199054,0.2866312749762456,residential,0,23,2
2024-01-18 00:00:00,0.7539516849238245,0.5569767280232204,0.6826536163152279,0.5573060689624846,industrial,0,0,3
2024-01-18 01:00:00,0.653305173339033,0.5965346650222356,0.45629655358562204,0.6483110669632444,residential,0,1,3
2024-01-18 02:00:00,0.6787086036696472,0.6642722759867543,0.561277830754465,0.32746577742301947,residential,0,2,3
2024-01-18 03:00:00,0.9241502196494098,0.7743366092505526,0.4640696762661968,0.3081749624267769,industrial,0,3,3
2024-01-18 04:00:00,1.0,0.6928571977270347,0.35658756157237026,0.47368114981179943,industrial,0,4,3
2024-01-18 05:00:00,0.8079665318056128,0.7640855410166649,0.5194282299532409,0.3462955930379521,commercial,0,5,3
2024-01-18 06:00:00,1.0,0.6910264305712773,0.3158361021546464,0.3790904199005149,commercial,0,6,3
2024-01-18 07:00:00,0.8985866265186824,0.837196886802761,0.6269928422284061,0.5109479727587007,residential,0,7,3
2024-01-18 08:00:00,0.8582859143261538,0.6055658505509608,0.4486376502399527,0.11359658687390611,residential,0,8,3
2024-01-18 09:00:00,0.7533339361216398,0.8215153995283911,0.4837193285224085,0.7244598626818761,residential,0,9,3
2024-01-18 10:00:00,0.8022015834607843,0.5959842049355656,0.5636979192512516,0.7217094831737387,commercial,0,10,3
2024-01-18 11:00:00,0.625907971365141,0.40868629880869933,0.5385583643017786,0.42776050668710724,commercial,0,11,3
2024-01-18 12:00:00,0.6805890957328715,0.5128104414910789,0.6341609377739674,0.7228166465632291,commercial,0,12,3
2024-01-18 13:00:00,0.6966957360924755,0.38013102523200776,0.514725143937019,0.8306897877618828,commercial,0,13,3
2024-01-18 14:00:00,0.6454979159222863,0.48406435489887245,0.6854752881489248,0.43161827906333794,residential,0,14,3
2024-01-18 15:00:00,0.3840246866443121,0.29331624583245147,0.4101081742132522,0.46237457684786043,residential,0,15,3
2024-01-18 16:00:00,0.4172910296578399,0.28217657592163436,0.6343039641554714,0.7526492200265253,residential,0,16,3
2024-01-18 17:00:00,0.4865793407675646,0.11786076164763318,0.9554811213644527,0.6407242966238472,commercial,0,17,3
2024-01-18 18:00:00,0.30929073743961966,0.2547693680750923,0.47351949088663603,0.6827214412859285,residential,0,18,3
2024-01-18 19:00:00,0.6353044458131698,0.06442690207929061,0.579010183797485,0.6510883824600745,industrial,0,19,3
2024-01-18 20:00:00,0.3658578902718335,0.16840463689453994,0.7265647863804753,0.6586043881392216,residential,0,20,3
2024-01-18 21:00:00,0.48522677660328,0.4346201093771202,0.5965512344778036,0.40102918075333754,residential,0,21,3
2024-01-18 22:00:00,0.5045600534200664,0.47858001586508314,0.6090205101315088,0.5270156162824741,residential,0,22,3
2024-01-18 23:00:00,0.6161864522086462,0.49078194715799217,0.6261434853747518,0.08091588694727575,commercial,0,23,3
2024-01-19 00:00:00,0.7000968782989714,0.4033023856870787,0.6742175045781418,0.3851358549638097,commercial,0,0,4
2024-01-19 01:00:00,0.6509726251611976,0.5469926734063062,0.7023571742715415,0.3095769016324058,residential,0,1,4
2024-01-19 02:00:00,0.6851793186358953,0.5996397460909432,0.5815808747119939,0.46483944259512333,residential,0,2,4
2024-01-19 03:00:00,0.7729060649071657,0.5255848873180552,0.5061358856118021,0.47050662810523036,commercial,0,3,4
2024-01-19 04:00:00,0.8401747664170228,0.8235449109336027,0.5538225819003288,0.2938561157766961,residential,0,4,4
2024-01-19 05:00:00,1.0,0.7809213943153809,0.750705871939668,0.29317392037359347,industrial,0,5,4
2024-01-19 06:00:00,0.9167716951505369,0.6779035826170335,0.47673386325750383,0.38340019471640063,commercial,0,6,4
2024-01-19 07:00:00,0.883753080967704,0.6958737491572667,0.3450584795522237,0.2655036659027188,residential,0,7,4
2024-01-19 08:00:00,0.6774947288657174,0.694043361551643,0.657849091927553,0.526297554317819,residential,0,8,4
2024-01-19 09:00:00,0.9261365062004598,0.4372478693948805,0.5507684645884962,0.44705034919618264,industrial,0,9,4
2024-01-19 10:00:00,0.6222669868319027,0.5752822617479403,0.20151488957351243,0.5964671773688642,residential,0,10,4
2024-01-19 11:00:00,0.5373819394069709,0.48356538422072426,0.6820436363063459,0.5738468613145746,residential,0,11,4
2024-01-19 12:00:00,0.7408178872053788,0.3998379990105084,0.49974937240375905,0.6337961883061413,industrial,0,12,4
2024-01-19 13:00:00,0.8605543223258878,0.42012616169090033,0.5603821591471058,0.5445709606749962,industrial,0,13,4
2024-01-19 14:00:00,0.8369549968305621,0.5797686526849523,0.5758664537798664,0.5802791106492498,industrial,0,14,4
2024-01-19 15:00:00,0.6179069465642482,0.4226629298893915,0.6017760730000424,0.7239070757162259,commercial,0,15,4
2024-01-19 16:00:00,0.3214155486941063,0.26967702026483265,0.7255146664914061,0.5344853644142673,residential,0,16,4
2024-01-19 17:00:00,0.43222329652116526,0.36407311287780214,0.5254551105511828,0.3590134348891981,residential,0,17,4
2024-01-19 18:00:00,0.5821231094438589,0.4399355436586002,0.6449852066288323,0.8624375856308131,commercial,0,18,4
2024-01-19 19:00:00,0.5690096650296202,0.3992782030334632,0.5412845374523734,0.807218111803573,commercial,0,19,4
2024-01-19 20:00:00,0.3091442940009005,0.33275795623512966,0.7109941852625865,0.4061605957341572,residential,0,20,4
2024-01-19 21:00:00,0.6014855481788546,0.29388496599213304,0.704139632804318,0.7034561707867791,industrial,0,21,4
2024-01-19 22:00:00,0.5338382451403744,0.4698223313613589,0.418737495284903,0.22684559976505236,residential,0,22,4
2024-01-19 23:00:00,0.6215973619003311,0.48758472952167065,0.7166218985697536,0.13722567898724214,residential,0,23,4
2024-01-20 00:00:00,0.23221363871255893,0.5895193220027732,0.4427496866320608,0.34151144401608324,residential,1,0,5
2024-01-20 01:00:00,0.4389091365647297,0.6152809891887011,0.6366243729855614,0.4237080234880198,residential,1,1,5
2024-01-20 02:00:00,0.5174349558967029,0.7049552715319335,0.543606515550621,0.3855064494977666,residential,1,2,5
2024-01-20 03:00:00,0.5816145432755297,0.5878978350812527,0.7993582009948925,0.33760496080789626,residential,1,3,5
2024-01-20 04:00:00,0.6363213147707248,0.8049444873203202,0.4249967564481261,0.2581380908954829,residential,1,4,5
2024-01-20 05:00:00,0.7240836045934754,0.7129451257270537,0.43371894286415424,0.49123692875274527,commercial,1,5,5
2024-01-20 06:00:00,0.6575099769163506,0.9075260872625265,0.4248292329380821,0.20243021200801228,commercial,1,6,5
2024-01-20 07:00:00,0.5071019796632671,0.6242663834488569,0.46724311754020165,0.5164041870765214,commercial,1,7,5
2024-01-20 08:00:00,0.7578198822174362,0.8468014610734127,0.5659508469692837,0.24966744716099132,industrial,1,8,5
2024-01-20 09:00:00,0.6084390501113818,0.6612124345835744,0.2591896783594395,0.823086923300389,residential,1,9,5
2024-01-20 10:00:00,0.5834480021296655,0.5348581996385552,0.38149017723648027,0.5129920137944936,residential,1,10,5
2024-01-20 11:00:00,0.6863418300722153,0.503375225615072,0.3888169940785995,0.6359106750803065,industrial,1,11,5
2024-01-20 12:00:00,0.41794031966025236,0.46796526918056797,0.7021565580418659,0.67495276654544,residential,1,12,5
2024-01-20 13:00:00,0.5796788722294366,0.4906527856196875,0.8093961702013825,0.6708003406378912,industrial,1,13,5
2024-01-20 14:00:00,0.2609672100198476,0.45228354880355,0.5486475525783142,0.6113932901874131,residential,1,14,5
2024-01-20 15:00:00,0.4337708880114948,0.30120864336883263,0.5843141485108486,0.7114023627539583,industrial,1,15,5
2024-01-20 16:00:00,0.35849364350184354,0.32435946001701405,0.6131999864618729,0.6723373429020986,residential,1,16,5
2024-01-20 17:00:00,0.37391485971396415,0.5210418706033727,0.7179691842102167,0.4143506366509053,industrial,1,17,5
2024-01-20 18:00:00,0.4637331666588024,0.47275431701007115,0.4190707347683925,0.7303734096583909,commercial,1,18,5
2024-01-20 19:00:00,0.38943831403919293,0.3504472017095895,0.6306211868973409,0.7330936255900113,industrial,1,19,5
2024-01-20 20:00:00,0.3322498115719269,0.3305952670599323,0.7471010643493847,0.48550708437321277,residential,1,20,5
2024-01-20 21:00:00,0.2455051373491181,0.37058177643451656,0.6639895925606218,0.6056906753171403,commercial,1,21,5
2024-01-20 22:00:00,0.5541426955477802,0.4613517972730416,0.590031703307899,0.5339430805163154,industrial,1,22,5
2024-01-20 23:00:00,0.3614269192507431,0.34595693445965514,0.7463698335471746,0.6744430302574131,commercial,1,23,5
2024-01-21 00:00:00,0.37163109389759813,0.4742623462576655,0.15223645217281473,0.3385470111055754,commercial,1,0,6
2024-01-21 01:00:00,0.5232866604848028,0.3849054016327452,0.6862096774398124,0.5068483239370243,commercial,1,1,6
2024-01-21 02:00:00,0.5737422055397831,0.6399223122605279,0.409911953852728,0.7422477754808264,residential,1,2,6
2024-01-21 03:00:00,0.5696988921320192,0.7061409502075835,0.21356278040925641,0.3073537484599455,commercial,1,3,6
2024-01-21 04:00:00,0.5249598206363838,0.6248864345269503,0.5892144595706621,0.1697439628701461,commercial,1,4,6
2024-01-21 05:00:00,0.7976580611139272,0.850583841586817,0.6508736292983985,0.11799849491383546,industrial,1,5,6
2024-01-21 06:00:00,0.5484898604377786,0.5774234336997658,0.5061556926959165,0.5069068043291998,residential,1,6,6
2024-01-21 07:00:00,0.5881039795950864,0.5467476772368317,0.6789068789093913,0.11752746879121245,residential,1,7,6
2024-01-21 08:00:00,0.8350014287994019,0.695650262612885,0.7331466599144313,0.3441521420593116,industrial,1,8,6
2024-01-21 09:00:00,0.7405390399758877,0.7461311864985251,0.6733978120880495,0.7039377934547416,industrial,1,9,6
2024-01-21 10:00:00,0.6671188190126984,0.7683927691457868,0.7154768486619729,0.5091208768861659,residential,1,10,6
2024-01-21 11:00:00,0.5479367128749235,0.5058753827336101,0.6595565088407007,0.8579066859310944,commercial,1,11,6
2024-01-21 12:00:00,0.3838594961880739,0.6078680833431296,0.5289546208322999,0.8988773029752177,residential,1,12,6
2024-01-21 13:00:00,0.21112882331228067,0.44438534402942514,0.3263895250065972,0.4850015118324978,residential,1,13,6
2024-01-21 14:00:00,0.27053469237589023,0.38273727000591806,0.5482694457787323,0.517566429613713,residential,1,14,6
2024-01-21 15:00:00,0.24641195469139857,0.4469446375113578,0.4394296194491638,0.7289381830469702,residential,1,15,6
2024-01-21 16:00:00,0.4153260145517428,0.39202720708445427,0.9080332454993356,0.5419304025315728,commercial,1,16,6
2024-01-21 17:00:00,0.21194493979074033,0.14917561904376134,0.6288644424220211,0.5931883173101642,residential,1,17,6
2024-01-21 18:00:00,0.3351812772639085,0.4476540349725896,0.5841845105258959,0.6038082630813615,industrial,1,18,6
2024-01-21 19:00:00,0.447856271000909,0.4448239701569314,0.6492756153589907,0.31204902657035155,industrial,1,19,6
2024-01-21 20:00:00,0.3666664129890904,0.26423864909215933,0.6272687722282202,0.5979243380858644,commercial,1,20,6
2024-01-21 21:00:00,0.48580829099433076,0.3981589971064313,0.8348099569326835,0.4965408338903739,commercial,1,21,6
2024-01-21 22:00:00,0.3758809211187794,0.4494030186282738,0.47178169015135,0.6500836167326706,residential,1,22,6
2024-01-21 23:00:00,0.6069055890919173,0.4743035675618864,0.5869000480170204,0.6284857932568387,industrial,1,23,6
2024-01-22 00:00:00,0.7138007764923047,0.444969484615458,0.45513856676065534,0.510343299586862,commercial,0,0,0
2024-01-22 01:00:00,0.6868081116445939,0.48460147222669897,0.3566161816488844,0.6672698363156591,residential,0,1,0
2024-01-22 02:00:00,1.0,0.5974445929008555,0.42900125849395054,0.15150651884833397,industrial,0,2,0
2024-01-22 03:00:00,0.8711826770122594,0.7586942581632459,0.46683620299376444,0.32133277956060224,industrial,0,3,0
2024-01-22 04:00:00,0.9674616836335754,0.7275650962163309,0.4173351374575117,0.2897044808977072,industrial,0,4,0
2024-01-22 05:00:00,0.8343081204527016,0.6561237320492032,0.39929973340416064,0.5082218985636016,commercial,0,5,0
2024-01-22 06:00:00,0.9557662237110568,0.7771698710648345,0.25590141912977454,0.24247888905967818,commercial,0,6,0
2024-01-22 07:00:00,0.8449728286343845,0.40833090319480614,0.565034893147254,0.5136242724006228,residential,0,7,0
2024-01-22 08:00:00,0.9597621977887995,0.7880816507940982,0.23786744865712017,0.6055804215995071,industrial,0,8,0
2024-01-22 09:00:00,0.728331663452327,0.4674499783594996,0.6737734010455905,0.5081644898238374,industrial,0,9,0
2024-01-22 10:00:00,0.6747735215699797,0.5637559058596867,0.5432391911822694,0.4372274210163303,residential,0,10,0
2024-01-22 11:00:00,0.7198601192383487,0.43979681955788974,0.3494282292128934,0.4761884205031567,residential,0,11,0
2024-01-22 12:00:00,0.6371167627215722,0.3705318524279094,0.5424590827141476,1.0,residential,0,12,0
2024-01-22 13:00:00,0.8282958170029375,0.5643188697173478,0.4178808782462082,0.786701937110518,industrial,0,13,0
2024-01-22 14:00:00,0.6932465118238038,0.3532298798688109,0.6419072126022337,0.3973388450687968,industrial,0,14,0
2024-01-22 15:00:00,0.39025733031158744,0.39322903193576214,0.783098857322743,0.40163130648846446,residential,0,15,0
2024-01-22 16:00:00,0.5957403074333304,0.3221028613551939,0.3220932711465801,0.6722799092577737,commercial,0,16,0
2024-01-22 17:00:00,0.3792723647467695,0.35451891746449843,0.610898236632763,0.6820897196066951,residential,0,17,0
2024-01-22 18:00:00,0.8062641764916416,0.3076821891060255,0.5836754239331963,0.6823325752976046,industrial,0,18,0
2024-01-22 19:00:00,0.6564548251896669,0.17851561232332933,0.747146327770571,0.5617566309669453,industrial,0,19,0
2024-01-22 20:00:00,0.6289286454655834,0.4264216011878263,0.6040530138793054,0.5811818609995649,industrial,0,20,0
2024-01-22 21:00:00,0.42686376012023947,0.3092029854465592,0.49444370460520937,0.6491819286239036,residential,0,21,0
2024-01-22 22:00:00,0.4864328254977178,0.24434181013402478,0.5788393666097997,0.5511165959792798,residential,0,22,0
2024-01-22 23:00:00,0.5431019244494627,0.40542467488290446,0.45896871901460523,0.21176159979965617,residential,0,23,0
2024-01-23 00:00:00,0.7393618978550827,0.6500759790634311,0.6663782770707604,0.4277065712171625,residential,0,0,1
2024-01-23 01:00:00,0.9010933469912725,0.6367859832318534,0.5121609523312353,0.5406873306265982,industrial,0,1,1
2024-01-23 02:00:00,0.8494964181991604,0.565134786559214,0.8156381668951869,0.4018748982860876,industrial,0,2,1
2024-01-23 03:00:00,1.0,0.6064955858054666,0.5089522021861669,0.8302604583500153,industrial,0,3,1
2024-01-23 04:00:00,0.9820567922163135,0.6410415756351494,0.40142651227288567,0.14971011116827077,industrial,0,4,1
2024-01-23 05:00:00,1.0,0.9008599636138979,0.20268485202390651,0.5588092794825819,commercial,0,5,1
2024-01-23 06:00:00,0.8689805884490504,0.7381935452231553,0.20807098499466165,0.37407973939053035,commercial,0,6,1
2024-01-23 07:00:00,1.0,0.7361893299769207,0.2415228095561003,0.5157880232255013,industrial,0,7,1
2024-01-23 08:00:00,1.0,0.7762334261600721,0.5071989698037009,0.4661960727548869,industrial,0,8,1
2024-01-23 09:00:00,0.6079541282382821,0.6653002721399609,0.5767186718425018,0.6910275889823506,residential,0,9,1
2024-01-23 10:00:00,0.8710411659204371,0.5740957854179297,0.2905926590698011,0.9084815347244312,residential,0,10,1
2024-01-23 11:00:00,0.7685001784615832,0.5321288241120063,0.6746170998778154,0.43036673470111264,residential,0,11,1
2024-01-23 12:00:00,0.7867923495200397,0.4928398740585936,0.479688880029906,0.6710448115217181,industrial,0,12,1
2024-01-23 13:00:00,0.5818983574638559,0.44451396732851167,0.5886647615992788,0.46104283050276923,commercial,0,13,1
2024-01-23 14:00:00,0.5673575199770238,0.47276295436369803,0.8000042079292042,0.6833268969513372,residential,0,14,1
2024-01-23 15:00:00,0.5936244452438538,0.3637732323434205,0.7253939276768036,0.46219702327708584,commercial,0,15,1
2024-01-23 16:00:00,0.5985614907103267,0.40005892696467027,0.539702724724724,0.5373949779592373,commercial,0,16,1
2024-01-23 17:00:00,0.45018595309843257,0.29874317673132805,0.47669821316830846,0.555736512864314,residential,0,17,1
2024-01-23 18:00:00,0.4720719829507959,0.307863519031609,0.28486863409112156,0.7463725079017063,residential,0,18,1
2024-01-23 19:00:00,0.6122945352657794,0.10699476628897553,0.5600285722269442,0.737768166591362,commercial,0,19,1
2024-01-23 20:00:00,0.619229983185298,0.4184276867133604,0.5428021581618376,0.4131423935330423,commercial,0,20,1
2024-01-23 21:00:00,0.5086070411797206,0.3932274913524897,0.43395482352157555,0.6082401166499772,commercial,0,21,1
2024-01-23 22:00:00,0.7539652304141892,0.49980101098596513,0.5303711516403646,0.3642834345531919,commercial,0,22,1
2024-01-23 23:00:00,0.8441484389457101,0.15861065316012674,0.6639445864957771,0.40690041208799116,industrial,0,23,1
2024-01-24 00:00:00,1.0,0.7088374704780728,0.45362036158536634,0.2643078437509351,commercial,0,0,2
2024-01-24 01:00:00,0.6765043033472076,0.5378048462049868,0.441158159014985,0.5759135267901168,commercial,0,1,2
2024-01-24 02:00:00,0.9565942173867723,0.7108182816737516,0.5120527162928836,0.4998125235537668,industrial,0,2,2
2024-01-24 03:00:00,0.5669842736278146,0.5374307635247564,0.6050618683779845,0.6911826154695624,residential,0,3,2
2024-01-24 04:00:00,0.8410522373306315,0.7344824712631446,0.31609539700462974,0.26825153842303917,residential,0,4,2
2024-01-24 05:00:00,0.738601571878108,0.5878436089404481,0.735286774279806,0.34329881514726746,residential,0,5,2
2024-01-24 06:00:00,1.0,0.6376231039304194,0.4939248489782348,0.4347168883788359,commercial,0,6,2
2024-01-24 07:00:00,0.8798373364707722,0.8845883006444923,0.4374509532483794,0.4969734306588656,commercial,0,7,2
2024-01-24 08:00:00,0.7455965356663956,0.6541368406805531,0.6099911112843175,0.3676498543678552,commercial,0,8,2
2024-01-24 09:00:00,0.720997846632837,0.6631646435552818,0.5360330266229406,0.31801134222914323,residential,0,9,2
2024-01-24 10:00:00,0.574362332916404,0.6870067730688754,0.6368684631663242,0.8806447763057673,residential,0,10,2
2024-01-24 11:00:00,0.7391772126895159,0.6013319978177646,0.5626690254349442,0.6584421266056355,residential,0,11,2
2024-01-24 12:00:00,0.45780173440236593,0.5150418905143577,0.453621826649627,0.46975609021854503,residential,0,12,2
2024-01-24 13:00:00,0.6804002079744982,0.4847322912261184,0.6088058414130797,0.6801943629183653,commercial,0,13,2
2024-01-24 14:00:00,0.4068433661162698,0.6403415585238276,0.33633860134475235,0.2046378391474683,residential,0,14,2
2024-01-24 15:00:00,0.45887351127095294,0.352816764059332,0.6104389266486788,0.6005063259895741,residential,0,15,2
2024-01-24 16:00:00,0.7909474066796187,0.3469048239146091,0.590944054228948,0.6491731759264627,industrial,0,16,2
2024-01-24 17:00:00,0.48633901224009285,0.4118802743429475,0.5452183891062347,0.7386405209306744,residential,0,17,2
2024-01-24 18:00:00,0.48303103026196503,0.4105525932957984,0.5575535952954208,0.44791560715611933,commercial,0,18,2
2024-01-24 19:00:00,0.5577184200011579,0.42551786529822433,0.29006728358588685,0.6128530742105038,commercial,0,19,2
2024-01-24 20:00:00,0.4696711274850961,0.39066794144603073,0.5004908814050465,0.4611863060910619,residential,0,20,2
2024-01-24 21:00:00,0.6006000409874187,0.24427815248964208,0.6406432894242745,0.6383075633511476,commercial,0,21,2
2024-01-24 22:00:00,0.6483199615835558,0.5633431532301095,0.5549755128305771,0.16577601663372113,industrial,0,22,2
2024-01-24 23:00:00,0.7953028554779336,0.3336016516776269,0.4457682333578181,0.6255129742643499,industrial,0,23,2
2024-01-25 00:00:00,0.4097013787765587,0.5302635465239033,0.730777112172534,0.3504819859050325,residential,0,0,3
2024-01-25 01:00:00,0.803699337379987,0.47633622401856834,0.42717290556225435,0.3682499527103235,industrial,0,1,3
2024-01-25 02:00:00,0.6746553256720166,0.5935861653407007,0.6673427304768003,0.3058399140873242,residential,0,2,3
2024-01-25 03:00:00,0.8115916827172127,0.6742975972676575,0.5617898751004554,0.3567941689116886,residential,0,3,3
2024-01-25 04:00:00,0.7927824392421983,0.705340802301915,0.391463662832855,0.6127797017722055,residential,0,4,3
2024-01-25 05:00:00,0.8995192777711256,0.7353772406813421,0.745683461687024,0.026828701519738096,industrial,0,5,3
2024-01-25 06:00:00,0.7634747753158118,0.8613711269058647,0.2625431371647685,0.5915448079132282,residential,0,6,3
2024-01-25 07:00:00,0.8284909937889952,0.7385385954092117,0.6163115474187367,0.4507035221652562,residential,0,7,3
2024-01-25 08:00:00,0.8733363066640659,0.6487894172278229,0.6554505225380998,0.2189467528214177,commercial,0,8,3
2024-01-25 09:00:00,0.7273021030203515,0.7378300730661453,0.3780579467186596,0.43320494613387545,residential,0,9,3
2024-01-25 10:00:00,0.7003227066175345,0.7189470488924641,0.6931856803419101,0.8196265858128656,residential,0,10,3
2024-01-25 11:00:00,0.7003169020394822,0.4290030275068049,0.5337921145581155,0.7495288160198712,residential,0,11,3
2024-01-25 12:00:00,0.59053259556746,0.5597400069849858,0.5753820422964828,0.6420954606735204,residential,0,12,3
2024-01-25 13:00:00,0.5778005367544132,0.5183534652105857,0.5835422362525075,0.86379307262927,residential,0,13,3
2024-01-25 14:00:00,0.6926436569792437,0.3702436496640008,0.5687805938802175,0.6558158208910294,residential,0,14,3
2024-01-25 15:00:00,0.49926923689007463,0.4961493250938525,0.6727764434458116,0.6583738793501893,commercial,0,15,3
2024-01-25 16:00:00,0.3043066430143335,0.3117893605398597,0.725486499920874,0.5920319020473682,residential,0,16,3
2024-01-25 17:00:00,0.5016727952583964,0.3193724800893405,0.3419084599874707,0.783535332362794,residential,0,17,3
2024-01-25 18:00:00,0.5722471186107944,0.282692817571613,0.810843191160239,0.7644703850716326,industrial,0,18,3
2024-01-25 19:00:00,0.41132667173729676,0.30837273950033306,0.358114379944549,0.5061484068755682,residential,0,19,3
2024-01-25 20:00:00,0.4710371612925635,0.21716741055359207,0.7897317074851709,0.4021129208101849,commercial,0,20,3
2024-01-25 21:00:00,0.4360646826612691,0.214573555503261,0.8046337038731591,0.5695529043906514,residential,0,21,3
2024-01-25 22:00:00,0.6847731502322066,0.5594505063224972,0.3685198835709711,0.6641782187301061,residential,0,22,3
2024-01-25 23:00:00,0.6180554311536038,0.3635400561476629,0.5293158399625134,0.3999529491082338,residential,0,23,3
2024-01-26 00:00:00,0.669150033961832,0.4008607650543693,0.4138860702107988,0.22271888118687985,residential,0,0,4
2024-01-26 01:00:00,0.512809651833993,0.33642479766013267,0.5668344061586499,0.4674210869248461,residential,0,1,4
2024-01-26 02:00:00,0.6101284661219804,0.5361038252310497,0.49296370980282384,0.7129070574305671,residential,0,2,4
2024-01-26 03:00:00,0.5007621997984599,0.5091123768965596,0.664215366771433,0.24778607602212221,residential,0,3,4
2024-01-26 04:00:00,0.7526346642351504,0.8374065967705246,0.6453243328867838,0.34578058499590214,residential,0,4,4
2024-01-26 05:00:00,0.9002585036926284,0.7941668741920771,0.6711025093608702,0.4624669057152179,residential,0,5,4
2024-01-26 06:00:00,0.8375927143563152,0.6311849654822276,0.42631930636858634,0.39191427264913914,residential,0,6,4
2024-01-26 07:00:00,0.8308535620656393,0.9184287457922446,0.3930880952006474,0.2526544629434029,residential,0,7,4
2024-01-26 08:00:00,0.902396113761431,0.7713816294560472,0.21606978233004326,0.5682786784345706,commercial,0,8,4
2024-01-26 09:00:00,0.7927428173492391,0.6089382178864473,0.3964380246596374,0.5262146328740692,commercial,0,9,4
2024-01-26 10:00:00,0.6813925962946712,0.35005942851264266,0.7397099164108257,0.31851709409371887,residential,0,10,4
2024-01-26 11:00:00,0.876264732379743,0.7808580662795783,0.7080800036483612,0.6929567168949204,commercial,0,11,4
2024-01-26 12:00:00,0.5629376076718903,0.3610427533236404,0.4065348432209195,0.5046956416761555,commercial,0,12,4
2024-01-26 13:00:00,0.5618882215183711,0.28369631628380665,0.5260214662419239,0.4215500011364458,residential,0,13,4
2024-01-26 14:00:00,0.8200461983165662,0.5022570432009641,0.5453620234958717,0.5063481915430164,industrial,0,14,4
2024-01-26 15:00:00,0.7012367365842719,0.6025538843966178,0.5612580085039556,0.5723211963516226,industrial,0,15,4
2024-01-26 16:00:00,0.5391966786208138,0.4652222010941641,0.4389928116835038,0.5092883003192681,residential,0,16,4
2024-01-26 17:00:00,0.6729246309639285,0.36320574674742223,0.6546474326453867,0.2691650914351396,residential,0,17,4
2024-01-26 18:00:00,0.6335476633943543,0.3594754341665286,0.521081467689404,0.7345599295330698,industrial,0,18,4
2024-01-26 19:00:00,0.585006968181109,0.39215639062021707,0.5801852421821929,0.7912312561918083,commercial,0,19,4
2024-01-26 20:00:00,0.41158917838378073,0.4026877782217888,0.6611363037340183,0.6977282987009258,residential,0,20,4
2024-01-26 21:00:00,0.5057736330621075,0.386697786159628,0.5849540046237522,0.4293471494362775,residential,0,21,4
2024-01-26 22:00:00,0.5639057520776218,0.4104201103951875,0.5114160833024585,0.6384758467271026,residential,0,22,4
2024-01-26 23:00:00,0.5851599060941415,0.44197687818954345,0.5509654659542623,0.4861106831341002,residential,0,23,4
2024-01-27 00:00:00,0.39334508264595797,0.4246035411133324,0.5593644937851999,0.609939196771869,commercial,1,0,5
2024-01-27 01:00:00,0.4500710587381795,0.5236963013338267,0.48738945511753284,0.19868083772723277,residential,1,1,5
2024-01-27 02:00:00,0.5681165388135032,0.43070431858046143,0.5319692950257962,0.1951263766876842,residential,1,2,5
2024-01-27 03:00:00,0.6582743570507112,0.6315873935578344,0.7503208575083571,0.3776546035349055,commercial,1,3,5
2024-01-27 04:00:00,0.6117319797017722,0.5743459700417959,0.611834126178647,0.47541766403427915,residential,1,4,5
2024-01-27 05:00:00,0.5324931630495974,0.5828262335362366,0.48083008223475493,0.6694541234390445,residential,1,5,5
2024-01-27 06:00:00,0.7435899021769664,0.7179894151153478,0.589146336142006,0.5059118370722697,commercial,1,6,5
2024-01-27 07:00:00,0.8237073797791371,0.8323853938922736,0.4002114583689164,0.363597808478195,industrial,1,7,5
2024-01-27 08:00:00,0.5968383004641111,0.7650367413571191,0.6464576732308605,0.24604461885011622,commercial,1,8,5
2024-01-27 09:00:00,0.6184219567368905,0.48437129587499184,0.6101349400672166,0.8115688717805255,commercial,1,9,5
2024-01-27 10:00:00,0.3858717041933684,0.5010371863429662,0.5335935224964757,0.6614644193939245,residential,1,10,5
2024-01-27 11:00:00,0.40736062033846,0.6458409278193258,0.5734052605257439,0.47083681347396444,residential,1,11,5
2024-01-27 12:00:00,0.4854965167126237,0.40175126064616906,0.3438431989958744,0.8105054955187786,commercial,1,12,5
2024-01-27 13:00:00,0.3601112603009905,0.4257728759797934,0.40325301686959114,0.7046854908808541,residential,1,13,5
2024-01-27 14:00:00,0.2108624447743207,0.4550052099024552,0.38440968606940507,0.5335433968307276,residential,1,14,5
2024-01-27 15:00:00,0.32060168417191337,0.261744198276327,0.642918204731658,0.5280760548901134,residential,1,15,5
2024-01-27 16:00:00,0.27332318566791375,0.3373324698577083,0.8586775089654513,0.6444863317711143,residential,1,16,5
2024-01-27 17:00:00,0.1234153082578422,0.17341228525036584,0.9826713363537851,0.6694777192901377,residential,1,17,5
2024-01-27 18:00:00,0.0649658634050417,0.23986323560487863,0.7237486945346499,0.629593839844681,residential,1,18,5
2024-01-27 19:00:00,0.20127736536141322,0.33879302815643997,0.6734887627947365,0.6466963010164327,residential,1,19,5
2024-01-27 20:00:00,0.15791980150143045,0.16749554588994534,0.37959267611010555,0.854993606186457,residential,1,20,5
2024-01-27 21:00:00,0.47351044289800576,0.40262611755873035,0.49781109477227764,0.7607314728352328,industrial,1,21,5
2024-01-27 22:00:00,0.365557911129021,0.3980362201073318,0.4624215711815646,0.4117865544578725,commercial,1,22,5
2024-01-27 23:00:00,0.29127763165926307,0.5034851864212104,0.4558273043359694,0.0806898858377782,commercial,1,23,5
2024-01-28 00:00:00,0.4634105276172006,0.5223914134064661,0.5180610031903418,0.46872521721830485,commercial,1,0,6
2024-01-28 01:00:00,0.44200889828349077,0.6881778520178886,0.42273305774006426,0.253041816292479,residential,1,1,6
2024-01-28 02:00:00,0.5381973720348828,0.6125224502647907,0.2193482933641946,0.22700013951913828,residential,1,2,6
2024-01-28 03:00:00,0.559906203634055,0.5984808021247842,0.6326422977801948,0.14689834793339346,commercial,1,3,6
2024-01-28 04:00:00,0.7912847506494942,0.685434831060116,0.33345809682099414,0.1309161253198165,commercial,1,4,6
2024-01-28 05:00:00,0.5314606235235102,0.7475149681614525,0.5116325391682367,0.19668287453315664,commercial,1,5,6
2024-01-28 06:00:00,0.685870601230724,0.7048860070325704,0.7996465983527248,0.2936468563554265,residential,1,6,6
2024-01-28 07:00:00,0.5563922231487523,0.697244334378202,0.35291901094857586,0.6929888706289853,residential,1,7,6
2024-01-28 08:00:00,0.6092717827503927,0.6030059119762122,0.1395550979951869,0.32111804861571946,residential,1,8,6
2024-01-28 09:00:00,0.5174763887991237,0.5751312644822147,0.4845599873733189,0.3891649471232037,residential,1,9,6
2024-01-28 10:00:00,0.6481123374460436,0.4597394728200306,0.7272221034037765,0.6023427500924404,commercial,1,10,6
2024-01-28 11:00:00,0.5431781962689929,0.7267214833391981,0.7757356731313296,0.7353415760679971,commercial,1,11,6
2024-01-28 12:00:00,0.2772331012779493,0.3756136764608715,0.4028834578938759,0.46383657297796194,residential,1,12,6
2024-01-28 13:00:00,0.6406066204562879,0.37894567119990513,0.6608211821255067,0.8278925885462654,industrial,1,13,6
2024-01-28 14:00:00,0.3715534030180448,0.32815927344308027,0.5317556494500679,0.6766188132791392,commercial,1,14,6
2024-01-28 15:00:00,0.2912728770033817,0.4480710814571347,0.5496864224172392,0.7545870878436085,residential,1,15,6
2024-01-28 16:00:00,0.3183363328386997,0.2972999514139095,1.0,0.5013248169221795,residential,1,16,6
2024-01-28 17:00:00,0.14887251509099686,0.43158904200955966,0.34507773813785914,0.7281787840599924,residential,1,17,6
2024-01-28 18:00:00,0.2341694593262632,0.23265093757561311,0.668265667951502,0.43620991494070305,residential,1,18,6
2024-01-28 19:00:00,0.16486239573252176,0.3347142509645665,0.669739700475445,0.7335371251254763,residential,1,19,6
2024-01-28 20:00:00,0.19817468376421174,0.24326021391713654,0.789889884565761,0.6257759009690297,residential,1,20,6
2024-01-28 21:00:00,0.30433501136076685,0.5730935565400292,0.5427694060586254,0.6829876829977175,residential,1,21,6
2024-01-28 22:00:00,0.15123028270365474,0.2812401580970486,0.6618355334965008,0.7247584101709903,residential,1,22,6
2024-01-28 23:00:00,0.48471383220942665,0.4792182620021984,0.49748723628607183,0.5785822891515394,industrial,1,23,6
2024-01-29 00:00:00,0.7407613690116932,0.5633776880932099,0.5713557347588031,0.43188610459483223,residential,0,0,0
2024-01-29 01:00:00,0.8483468956052925,0.593143718765654,0.4705780430456922,0.5540479394979598,commercial,0,1,0
2024-01-29 02:00:00,0.706283080636267,0.5814712341122291,0.6187944132447389,0.5658850636535964,residential,0,2,0
2024-01-29 03:00:00,0.971203751111807,0.6284392862639668,0.4560266637142648,0.31540787679126353,industrial,0,3,0
2024-01-29 04:00:00,0.7618816557077088,0.6775862279547986,0.5532891906988884,0.2775674133187053,residential,0,4,0
2024-01-29 05:00:00,0.9091125378285918,0.6784849650949648,0.4920650884187638,0.41172145944544714,residential,0,5,0
2024-01-29 06:00:00,1.0,0.796387911679491,0.6299911641119779,0.5292454186746917,industrial,0,6,0
2024-01-29 07:00:00,1.0,0.9142374654169488,0.4180197018366424,0.4208590597980127,industrial,0,7,0
2024-01-29 08:00:00,1.0,0.6174559022561045,0.24880835909213644,0.16345052767135046,industrial,0,8,0
2024-01-29 09:00:00,0.66476451004619,0.5044410582794018,0.7379559076232781,0.687303985062709,residential,0,9,0
2024-01-29 10:00:00,0.8379374937927263,0.5911717951648745,0.3867886163211447,0.6390663395000333,residential,0,10,0
2024-01-29 11:00:00,0.6983328925430953,0.809734742785936,0.3590146263668962,0.5191737215710892,commercial,0,11,0
2024-01-29 12:00:00,0.9342978791296292,0.4196325432030269,0.4847610429325681,0.44871679738856873,industrial,0,12,0
2024-01-29 13:00:00,0.6737926708232445,0.6121478715239026,0.7225213525184517,0.30560614624911314,commercial,0,13,0
2024-01-29 14:00:00,0.6391381164555063,0.5677700814076441,0.20931784348090243,0.652447507094954,commercial,0,14,0
2024-01-29 15:00:00,0.32337713304576077,0.3032198195918911,1.0,0.36527958429569174,residential,0,15,0
2024-01-29 16:00:00,0.5304512574744468,0.3836932271616399,0.7433005532114157,0.6143016299161962,commercial,0,16,0
2024-01-29 17:00:00,0.38585750298549704,0.46965449705504014,0.5925894880028618,0.5604827675876626,residential,0,17,0
2024-01-29 18:00:00,0.37380573755037244,0.2620872259012513,0.6131397321371816,0.7018714163157292,residential,0,18,0
2024-01-29 19:00:00,0.42141760853991944,0.2864567987319501,0.6568960716090635,0.5546931750765204,residential,0,19,0
2024-01-29 20:00:00,0.6204448841598162,0.2686268278482479,0.6975803159024264,0.5505828320479362,commercial,0,20,0
2024-01-29 21:00:00,0.4819628450727487,0.25710297069340377,0.7196514466844874,0.7097806056432443,residential,0,21,0
2024-01-29 22:00:00,0.5366285813707689,0.3350722454933992,0.6828189962524974,0.4653963084250069,residential,0,22,0
2024-01-29 23:00:00,0.5587040249876307,0.32584216430327,0.6156844528973062,0.020163087217047237,commercial,0,23,0
2024-01-30 00:00:00,0.5502213421969662,0.5034083468259226,0.5193767329061242,0.5023104235093947,residential,0,0,1
2024-01-30 01:00:00,0.897674155416411,0.47476648591464,0.5348790616775811,0.4189266855492951,commercial,0,1,1
2024-01-30 02:00:00,0.6608596354547551,0.6233785911790748,0.4837501805933753,0.36662876548326023,residential,0,2,1
2024-01-30 03:00:00,0.8557290356659552,0.4858317916169467,0.7243159770449756,0.7070293293579337,residential,0,3,1
2024-01-30 04:00:00,0.8717175354528631,0.7062931039783333,0.5771455771486292,0.29875989718141716,commercial,0,4,1
2024-01-30 05:00:00,0.8203795211185818,0.7765380614187062,0.025980286374746087,0.3395386016402454,residential,0,5,1
2024-01-30 06:00:00,0.8557544999669653,0.5006264357428544,0.6481971857566078,0.6987329953307101,residential,0,6,1
2024-01-30 07:00:00,0.9127584321469671,0.7305908222425709,0.5100331825350449,0.2751908042725215,residential,0,7,1
2024-01-30 08:00:00,0.8002332017461822,0.795971980004217,0.45840209253185027,0.3174827075595192,residential,0,8,1
2024-01-30 09:00:00,0.8990980237698968,0.520457254368189,0.4855850557262104,0.8147050172746775,industrial,0,9,1
2024-01-30 10:00:00,0.743977811854977,0.7672572386837704,0.638439736392771,0.7622650091509242,residential,0,10,1
2024-01-30 11:00:00,0.9045926010153693,0.5936657099571087,0.6640292563312961,0.40316712098528906,industrial,0,11,1
2024-01-30 12:00:00,0.6772040578344123,0.4294988144241591,0.45521870549921084,0.6933104985459073,residential,0,12,1
2024-01-30 13:00:00,0.6700473885968992,0.4426592832137253,0.6282600581045626,0.7993399979303114,commercial,0,13,1
2024-01-30 14:00:00,0.6856774420922868,0.4558326912521723,0.4175016824431554,0.6580212781033804,commercial,0,14,1
2024-01-30 15:00:00,0.7182385979844796,0.3661791829039317,0.38320352041048084,0.763647063777895,commercial,0,15,1
2024-01-30 16:00:00,0.4967350621110669,0.38067051848774924,0.4917912607651805,0.9018405668551148,residential,0,16,1
2024-01-30 17:00:00,0.442992849623872,0.21474747543424966,0.7649347782271388,0.7535564319160472,residential,0,17,1
2024-01-30 18:00:00,0.3118743504735161,0.31693608240360777,0.7478879320853306,0.6373962893462592,residential,0,18,1
2024-01-30 19:00:00,0.3977413921206523,0.16544338505168826,0.7273297974990874,0.756763271112713,industrial,0,19,1
2024-01-30 20:00:00,0.6843007103923961,0.31567231310824223,0.7140626740947269,0.6217331749645336,industrial,0,20,1
2024-01-30 21:00:00,0.6599856202427903,0.2681878796162115,0.6969703791823803,0.6035854564927433,industrial,0,21,1
2024-01-30 22:00:00,0.4691067871550253,0.32644700574102326,0.5058436589942501,0.4666297490936008,residential,0,22,1
2024-01-30 23:00:00,0.7150286612696372,0.5718455085005394,0.5932347291509293,0.5651984436603643,commercial,0,23,1
